博弈论,https://www.icourse163.org/course/PKU-1470430188
量表开发基础理论与分析实战,https://www.icourse163.org/course/PKU-1470416177
人类的性、生育与健康（三宝课）,https://www.icourse163.org/course/PKU-1470434178
儿科护理学（二）,https://www.icourse163.org/course/PKU-1470423181
经典昆曲欣赏,https://www.icourse163.org/course/PKU-1470426173
数学物理方法（三）――解析函数的应用,https://www.icourse163.org/course/PKU-1469691217
骨骼肌肉系统再生医学,https://www.icourse163.org/course/PKU-1465995174
牙体解剖与口腔生理学,https://www.icourse163.org/course/PKU-1466022167
算法初步,https://www.icourse163.org/course/PKU-1466016167
女性健康与管理,https://www.icourse163.org/course/PKU-1465998168
妇幼保健学,https://www.icourse163.org/course/PKU-1465986163
口腔正畸学,https://www.icourse163.org/course/PKU-1464021174
推荐系统,https://www.icourse163.org/course/PKU-1464038187
英语阅读,https://www.icourse163.org/course/PKU-1462118161
西班牙语语音,https://www.icourse163.org/course/PKU-1461797174
意大利语语音,https://www.icourse163.org/course/PKU-1461815177
基础俄语Ⅲ,https://www.icourse163.org/course/PKU-1461795174
医学与文学,https://www.icourse163.org/course/PKU-1461784179
社区护理学,https://www.icourse163.org/course/PKU-1461515171
护理教育学,https://www.icourse163.org/course/PKU-1461545164
医学的社会文化史,https://www.icourse163.org/course/FUDAN-1470843180
儿童传染与感染性疾病,https://www.icourse163.org/course/FUDAN-1470427194
循证护理,https://www.icourse163.org/course/FUDAN-1470439173
循证医学,https://www.icourse163.org/course/FUDAN-1465951171
现代医院后勤管理,https://www.icourse163.org/course/FUDAN-1465924168
法律与社会,https://www.icourse163.org/course/FUDAN-1465947169
国际税收,https://www.icourse163.org/course/FUDAN-1464029181
妇产科学,https://www.icourse163.org/course/FUDAN-1464042189
经济与社会,https://www.icourse163.org/course/FUDAN-1464051176
应用统计学,https://www.icourse163.org/course/FUDAN-1463121163
音频音乐与计算机的交融-音频音乐技术,https://www.icourse163.org/course/FUDAN-1462119161
身边的基因科学,https://www.icourse163.org/course/FUDAN-1462057166
现代医院管理学理论,https://www.icourse163.org/course/FUDAN-1461792181
政治学原理,https://www.icourse163.org/course/FUDAN-1461787179
护理科研,https://www.icourse163.org/course/FUDAN-1461792180
医学统计学,https://www.icourse163.org/course/FUDAN-1461782178
药物化学,https://www.icourse163.org/course/FUDAN-1460812162
景观生态学,https://www.icourse163.org/course/FUDAN-1460614162
半导体器件基础,https://www.icourse163.org/course/FUDAN-1460413161
中国特色社会主义理论与实践研究,https://www.icourse163.org/course/FUDAN-1458408165
法国语言文化进阶,https://www.icourse163.org/course/SJTU-1470424179
影视声音创作与数字技术,https://www.icourse163.org/course/SJTU-1470427179
人机工程学,https://www.icourse163.org/course/SJTU-1470439170
图形创意设计,https://www.icourse163.org/course/SJTU-1464124177
健康体适能,https://www.icourse163.org/course/SJTU-1464104175
血液系统整合课程,https://www.icourse163.org/course/SJTU-1463200162
两相流动与传热,https://www.icourse163.org/course/SJTU-1463186164
骨关节系统,https://www.icourse163.org/course/SJTU-1463186163
Chinese Competition Law,https://www.icourse163.org/course/SJTU-1463202164
质量管理学,https://www.icourse163.org/course/SJTU-1462112162
英语读写进阶,https://www.icourse163.org/course/SJTU-1462051165
法语及英语词汇中的文化,https://www.icourse163.org/course/SJTU-1461521166
自动控制原理,https://www.icourse163.org/course/SJTU-1461107170
汉语写作进阶,https://www.icourse163.org/course/SJTU-1461115172
大学物理―力学,https://www.icourse163.org/course/SJTU-1449794172
大学物理―电磁学,https://www.icourse163.org/course/SJTU-1449792175
大学物理―热学,https://www.icourse163.org/course/SJTU-1449785173
设计与制造I(原：现代机械工程图学),https://www.icourse163.org/course/SJTU-1206702851
文化市场营销,https://www.icourse163.org/course/SJTU-1449780172
生物医学工程研究的伦理及学术道德,https://www.icourse163.org/course/SJTU-1449813167
电子文件管理,https://www.icourse163.org/course/RUC-1470424189
会计学,https://www.icourse163.org/course/RUC-1470421182
大学英语写作（三）：学术英语写作,https://www.icourse163.org/course/RUC-1464062168
金融数学,https://www.icourse163.org/course/RUC-1463188162
全面依法治国新征程,https://www.icourse163.org/course/RUC-1463195161
信息分析,https://www.icourse163.org/course/RUC-1450048177
传播理论,https://www.icourse163.org/course/RUC-1449339163
大学英语写作（二）：说明文、议论文,https://www.icourse163.org/course/RUC-1206313801
大学英语写作（一）：记叙文、描写文、应用文,https://www.icourse163.org/course/RUC-1206303804
线性代数,https://www.icourse163.org/course/RUC-1206307802
数据库系统概论（新技术篇）,https://www.icourse163.org/course/RUC-1001965017
数据库系统概论（高级篇）,https://www.icourse163.org/course/RUC-1001655006
数据库系统概论（基础篇）,https://www.icourse163.org/course/RUC-488001
老年护理,https://www.icourse163.org/course/WHU-1470408196
全科医学概论,https://www.icourse163.org/course/WHU-1470408192
Experiments in Analytical Chemistry,https://www.icourse163.org/course/WHU-1465993164
中国语言文字与文化,https://www.icourse163.org/course/WHU-1466007163
医学生理学实验,https://www.icourse163.org/course/WHU-1465994162
遥感原理与应用,https://www.icourse163.org/course/WHU-1466005163
信息计量学,https://www.icourse163.org/course/WHU-1465998163
外科学总论实验,https://www.icourse163.org/course/WHU-1465995166
临床儿科学,https://www.icourse163.org/course/WHU-1466009161
口腔颌面外科学,https://www.icourse163.org/course/WHU-1466003163
核医学,https://www.icourse163.org/course/WHU-1466007162
电力系统继电保护,https://www.icourse163.org/course/WHU-1466004162
大学物理-热学、电学,https://www.icourse163.org/course/WHU-1466004161
出版学基础,https://www.icourse163.org/course/WHU-1466003162
大地测量学基础,https://www.icourse163.org/course/WHU-1464124180
地球科学概论,https://www.icourse163.org/course/WHU-1464100169
损伤与反应,https://www.icourse163.org/course/WHU-1464096180
档案学基础,https://www.icourse163.org/course/WHU-1464108175
印刷材料,https://www.icourse163.org/course/WHU-1464102178
大学生物学（通识版）,https://www.icourse163.org/course/WHU-1463330168
恢复生态学,https://www.icourse163.org/course/SYSU-1470430189
运动损伤诊疗,https://www.icourse163.org/course/SYSU-1470420184
临床研究方法学,https://www.icourse163.org/course/SYSU-1470436187
临床变态反应学,https://www.icourse163.org/course/SYSU-1470413183
癌症的预防与筛查,https://www.icourse163.org/course/SYSU-1470423187
工匠书缘：古籍的修复与文化传承,https://www.icourse163.org/course/SYSU-1470423178
收益管理,https://www.icourse163.org/course/SYSU-1466017175
环境土壤学,https://www.icourse163.org/course/SYSU-1465996185
给排水管网工程,https://www.icourse163.org/course/SYSU-1465994175
人工智能原理与实践,https://www.icourse163.org/course/SYSU-1463217175
Haskell函数程序设计基础,https://www.icourse163.org/course/SYSU-1463192161
海洋生态学,https://www.icourse163.org/course/SYSU-1463191161
计算机辅助设计与绘图(AutoCAD和Creo),https://www.icourse163.org/course/SYSU-1463190162
体育赛事管理与推广,https://www.icourse163.org/course/SYSU-1463182164
外科护理学,https://www.icourse163.org/course/SYSU-1463190161
有机化学,https://www.icourse163.org/course/SYSU-1463187162
流行病学,https://www.icourse163.org/course/SYSU-1462085161
儿少卫生学,https://www.icourse163.org/course/SYSU-1461818168
网球技术与实战教程,https://www.icourse163.org/course/SYSU-1461109163
旅游地理学,https://www.icourse163.org/course/SYSU-1461121165
内分泌代谢病（案例篇）,https://www.icourse163.org/course/NJU-1471162178
医学影像学,https://www.icourse163.org/course/NJU-1470921172
大学德语II,https://www.icourse163.org/course/NJU-1470842182
地下水动力学,https://www.icourse163.org/course/NJU-1470429181
专业学位硕士学位论文写作规范与方法,https://www.icourse163.org/course/NJU-1470438162
智能感知技术,https://www.icourse163.org/course/NJU-1469355161
生物学导论,https://www.icourse163.org/course/NJU-1469213163
C程序设计训练,https://www.icourse163.org/course/NJU-1468673161
The Organization of Information（信息组织）,https://www.icourse163.org/course/NJU-1468594162
英语测试高分策略,https://www.icourse163.org/course/NJU-1468490162
环境微生物学,https://www.icourse163.org/course/NJU-1468503164
地下水动力学,https://www.icourse163.org/course/NJU-1468492164
从天下到世界:近代中国的历程,https://www.icourse163.org/course/NJU-1468488162
人机交互与用户体验设计,https://www.icourse163.org/course/NJU-1466990164
Experiments in Biochemistry（生物化学实验）,https://www.icourse163.org/course/NJU-1466404161
大学德语I,https://www.icourse163.org/course/NJU-1466098254
金融风险管理,https://www.icourse163.org/course/NJU-1466073227
最优化理论与方法,https://www.icourse163.org/course/NJU-1465971171
Java Based Object-oriented Programming Paradigm,https://www.icourse163.org/course/NJU-1465578174
数字人文创新思维与方法,https://www.icourse163.org/course/NJU-1465603161
新大学法语3,https://www.icourse163.org/course/SDU-1470422178
汉语词汇与词汇教学,https://www.icourse163.org/course/SDU-1466021166
文化展示设计,https://www.icourse163.org/course/SDU-1466003161
数智时代的商业变革,https://www.icourse163.org/course/SDU-1466002161
量子科技,https://www.icourse163.org/course/SDU-1465995163
设计构成方法――不枯竭的创意从何而来,https://www.icourse163.org/course/SDU-1465995162
新大学法语2（下）,https://www.icourse163.org/course/SDU-1464374168
新大学法语2（上）,https://www.icourse163.org/course/SDU-1464389164
全国大学生数学竞赛提高课程,https://www.icourse163.org/course/SDU-1464113169
传感器原理与应用,https://www.icourse163.org/course/SDU-1464124173
经典英文作品欣赏,https://www.icourse163.org/course/SDU-1464102174
山东大学通识课精品展播（第四季）,https://www.icourse163.org/course/SDU-1464120171
小儿急诊医学,https://www.icourse163.org/course/SDU-1464104172
走近老舍,https://www.icourse163.org/course/SDU-1463188165
人力资源管理,https://www.icourse163.org/course/SDU-1463177165
汉语语法与语法教学,https://www.icourse163.org/course/SDU-1463186162
管理学,https://www.icourse163.org/course/SDU-1463189164
新大学法语1（下）,https://www.icourse163.org/course/SDU-1462482205
妇幼保健学,https://www.icourse163.org/course/SDU-1462097162
乐领风骚――《诗经》与楚辞中的音乐,https://www.icourse163.org/course/SDU-1462101165
传播学原理,https://www.icourse163.org/course/HUST-1470417185
放射诊断学,https://www.icourse163.org/course/HUST-1465865178
内科学,https://www.icourse163.org/course/HUST-1465832170
界面设计,https://www.icourse163.org/course/HUST-1465839175
循环系统疾病 （整合课程 ）,https://www.icourse163.org/course/HUST-1465868169
定量生理学,https://www.icourse163.org/course/HUST-1465864178
船舶动力装置原理与设计,https://www.icourse163.org/course/HUST-1464111162
机电传动控制,https://www.icourse163.org/course/HUST-1463155164
物理诊断学,https://www.icourse163.org/course/HUST-1461813176
外科手术学,https://www.icourse163.org/course/HUST-1461807177
计算机通信与网络,https://www.icourse163.org/course/HUST-1460870162
搜索引擎技术基础,https://www.icourse163.org/course/HUST-1460758162
大学体育（二）,https://www.icourse163.org/course/HUST-1450829165
工程材料学,https://www.icourse163.org/course/HUST-1450326327
数据库系统原理,https://www.icourse163.org/course/HUST-1449788170
CPA财务管理,https://www.icourse163.org/course/HUST-1449808166
医学影像学,https://www.icourse163.org/course/HUST-1449269161
核医学,https://www.icourse163.org/course/HUST-1449268161
工程传热学,https://www.icourse163.org/course/HUST-1449267161
大学物理―热学、振动与波、光学、量子物理,https://www.icourse163.org/course/HUST-1207533802
数字电子技术基础,https://www.icourse163.org/course/XJTU-1470435182
微积分精讲（上）,https://www.icourse163.org/course/XJTU-1466013176
颅脑创伤―诊断与康复,https://www.icourse163.org/course/XJTU-1464128167
胰腺疾病,https://www.icourse163.org/course/XJTU-1463176168
电介质物理,https://www.icourse163.org/course/XJTU-1463199167
妇科疾病与预防,https://www.icourse163.org/course/XJTU-1462071162
内科学（消化系统疾病）,https://www.icourse163.org/course/XJTU-1462055163
分析化学与社会发展,https://www.icourse163.org/course/XJTU-1462058165
妇产科案例分析与情景模拟,https://www.icourse163.org/course/XJTU-1462064164
血液系统疾病,https://www.icourse163.org/course/XJTU-1462060167
药事管理学,https://www.icourse163.org/course/XJTU-1461784183
环境工程设计与管理,https://www.icourse163.org/course/XJTU-1461818174
热流体课程实验,https://www.icourse163.org/course/XJTU-1461620162
结核病预防与治疗,https://www.icourse163.org/course/XJTU-1461554165
社会福利,https://www.icourse163.org/course/XJTU-1461548164
国际市场营销学,https://www.icourse163.org/course/XJTU-1461575162
中西文化比较,https://www.icourse163.org/course/XJTU-1461550165
临床技能与培训,https://www.icourse163.org/course/XJTU-1461578162
跨境电子商务,https://www.icourse163.org/course/XJTU-1461114168
中外建筑艺术与欣赏,https://www.icourse163.org/course/XJTU-1460580161
问天寻梦-航天科技与星际探索,https://www.icourse163.org/course/SCU-1470408194
古代汉语,https://www.icourse163.org/course/SCU-1468068164
医疗口译（初级）,https://www.icourse163.org/course/SCU-1466001167
实用英语写作实践与语言运用,https://www.icourse163.org/course/SCU-1465995173
人体寄生虫学,https://www.icourse163.org/course/SCU-1466011164
妇幼健康医学,https://www.icourse163.org/course/SCU-1466008171
Latest Developments in Comparative Literature,https://www.icourse163.org/course/SCU-1466008170
法医临床学,https://www.icourse163.org/course/SCU-1464111177
分娩管理,https://www.icourse163.org/course/SCU-1463235169
出生缺陷的产前筛查及产前诊断,https://www.icourse163.org/course/SCU-1463228172
信息服务设计与运营,https://www.icourse163.org/course/SCU-1463191165
唐代文学,https://www.icourse163.org/course/SCU-1463189166
人之初――新生宝宝实用课堂,https://www.icourse163.org/course/SCU-1463188167
母乳喂养,https://www.icourse163.org/course/SCU-1463195165
儿科常见症状的诊断与鉴别诊断,https://www.icourse163.org/course/SCU-1463202165
生命周期评价与应用,https://www.icourse163.org/course/SCU-1462177170
政治经济学,https://www.icourse163.org/course/SCU-1462166178
合同法,https://www.icourse163.org/course/SCU-1462112161
明清文学专题,https://www.icourse163.org/course/SCU-1461789174
食品卫生（食品污染与食物中毒）,https://www.icourse163.org/course/SCU-1461543169
电机学（下）,https://www.icourse163.org/course/SEU-1469785161
Diagnostic Radiology,https://www.icourse163.org/course/SEU-1469187162
Introduction to CAD & CAE计算机辅助设计与仿真,https://www.icourse163.org/course/SEU-1468837168
Fundamentals of Travel Behavior Analysis,https://www.icourse163.org/course/SEU-1468770213
信息隐藏与数字水印,https://www.icourse163.org/course/SEU-1468757162
弹性力学及有限元,https://www.icourse163.org/course/SEU-1468624164
大学体育射箭,https://www.icourse163.org/course/SEU-1468560167
药理学,https://www.icourse163.org/course/SEU-1468549164
思想道德与法治,https://www.icourse163.org/course/SEU-1468544164
生殖健康,https://www.icourse163.org/course/SEU-1468541165
Introduction of Information Communication Network,https://www.icourse163.org/course/SEU-1466078249
电机学(上),https://www.icourse163.org/course/SEU-1466079211
大学课堂中的教与学,https://www.icourse163.org/course/SEU-1466076186
Foundations of Solid Mechanics,https://www.icourse163.org/course/SEU-1465643161
商业数据分析,https://www.icourse163.org/course/SEU-1465425167
健康睡眠与幸福人生,https://www.icourse163.org/course/SEU-1465071170
环境工程微生物学,https://www.icourse163.org/course/SEU-1465011162
Civil engineering materials,https://www.icourse163.org/course/SEU-1464854166
创新的旅程,https://www.icourse163.org/course/SEU-1464623179
Road Survey and Design,https://www.icourse163.org/course/SEU-1464384166
临床诊断学,https://www.icourse163.org/course/CSU-1470431175
隧道力学,https://www.icourse163.org/course/CSU-1466022173
系统解剖学,https://www.icourse163.org/course/CSU-1465995182
计算社会科学,https://www.icourse163.org/course/CSU-1466004186
重症医学,https://www.icourse163.org/course/CSU-1465992175
微创妇科学,https://www.icourse163.org/course/CSU-1464124185
分子生物学实验,https://www.icourse163.org/course/CSU-1463180162
学术诚信与论文写作（医学专业适用）,https://www.icourse163.org/course/CSU-1461783173
老年护理学,https://www.icourse163.org/course/CSU-1457455170
高等学校师生新型冠状病毒肺炎防护指引,https://www.icourse163.org/course/CSU-1456107162
无机材料科学基础,https://www.icourse163.org/course/CSU-1455417172
实用英语写作,https://www.icourse163.org/course/CSU-1453146163
安全学原理,https://www.icourse163.org/course/CSU-1452096197
误差理论与测量平差基础,https://www.icourse163.org/course/CSU-1450057176
数据库技术与应用,https://www.icourse163.org/course/CSU-1450057174
精神病学,https://www.icourse163.org/course/CSU-1450059163
领导科学与领导力,https://www.icourse163.org/course/CSU-1449335163
工程测量,https://www.icourse163.org/course/CSU-1449352161
消化道微创外科学,https://www.icourse163.org/course/CSU-1449278161
中西文化对比与交流,https://www.icourse163.org/course/CSU-1207394812
电器理论基础,https://www.icourse163.org/course/HIT-1470418184
电路（上）难点与习题,https://www.icourse163.org/course/HIT-1470428178
无机化学-元素化学的奥秘,https://www.icourse163.org/course/HIT-1470436184
现代数字通信,https://www.icourse163.org/course/HIT-1470408188
精通学术英语词汇,https://www.icourse163.org/course/HIT-1466048161
EDA/SPOC综合设计与实践,https://www.icourse163.org/course/HIT-1466034162
微积分与工科专业,https://www.icourse163.org/course/HIT-1465832162
大学物理实验I,https://www.icourse163.org/course/HIT-1464062167
电子技术,https://www.icourse163.org/course/HIT-1464043182
材料物理性能,https://www.icourse163.org/course/HIT-1464026173
芭蕾形体,https://www.icourse163.org/course/HIT-1460916174
尚派形意拳-初级,https://www.icourse163.org/course/HIT-1456075164
英文期刊论文发表-通往国际学术舞台的阶梯,https://www.icourse163.org/course/HIT-1449775174
电工学实验,https://www.icourse163.org/course/HIT-1206326801
会计信息系统,https://www.icourse163.org/course/HIT-1449329161
项目管理与大学学习,https://www.icourse163.org/course/HIT-1449263162
金羽飞扬――世界冠军的羽毛球课堂,https://www.icourse163.org/course/HIT-1449263161
建筑师职业素养与领导力,https://www.icourse163.org/course/HIT-1449261161
热处理原理与工艺,https://www.icourse163.org/course/HIT-1207116821
工程流体力学,https://www.icourse163.org/course/HIT-1207108820
Web 安全,https://www.icourse163.org/course/BUAA-1470439174
Python深度学习及智能车竞赛实践,https://www.icourse163.org/course/BUAA-1470412177
材料力学,https://www.icourse163.org/course/BUAA-1465997168
网络安全,https://www.icourse163.org/course/BUAA-1466021165
高分子物理,https://www.icourse163.org/course/BUAA-1466015167
弹性力学,https://www.icourse163.org/course/BUAA-1464046178
飞机结构设计,https://www.icourse163.org/course/BUAA-1464040178
汽车构造（动力部分）,https://www.icourse163.org/course/BUAA-1463032161
汽车底盘构造,https://www.icourse163.org/course/BUAA-1463031161
空气动力学（下）,https://www.icourse163.org/course/BUAA-1462189161
材料力学研讨与进阶,https://www.icourse163.org/course/BUAA-1462095165
Explore the Materials――From an Atom to a Device（走进材料――从原子到器件）,https://www.icourse163.org/course/BUAA-1462113161
质量工程技术基础,https://www.icourse163.org/course/BUAA-1461112171
空气动力学(上）,https://www.icourse163.org/course/BUAA-1461126163
电路,https://www.icourse163.org/course/BUAA-1461118165
电子信息工程导论,https://www.icourse163.org/course/BUAA-1461104173
基础物理实验（2）,https://www.icourse163.org/course/BUAA-1461041161
基础物理实验（1）,https://www.icourse163.org/course/BUAA-1460902169
电气技术实践,https://www.icourse163.org/course/BUAA-1457425174
电子设计基础训练,https://www.icourse163.org/course/BUAA-1449947186
交通设计,https://www.icourse163.org/course/TONGJI-1470423177
人工智能的数学基础,https://www.icourse163.org/course/TONGJI-1470438170
Python程序设计及应用（下）,https://www.icourse163.org/course/TONGJI-1466097203
Python程序设计及应用（上）,https://www.icourse163.org/course/TONGJI-1466001161
呼吸病学,https://www.icourse163.org/course/TONGJI-1465999161
音乐艺术概论,https://www.icourse163.org/course/TONGJI-1465997161
零基础的住宅和城市设计,https://www.icourse163.org/course/TONGJI-1461518178
景观生态学,https://www.icourse163.org/course/TONGJI-1461542175
园林工程与管理技术,https://www.icourse163.org/course/TONGJI-1461543167
医用物理学,https://www.icourse163.org/course/TONGJI-1460453164
铺面工程,https://www.icourse163.org/course/TONGJI-1452151189
路基工程,https://www.icourse163.org/course/TONGJI-1452094202
解读中国经济发展的密码,https://www.icourse163.org/course/TONGJI-1449335162
城市轨道交通结构设计与施工,https://www.icourse163.org/course/TONGJI-1207540805
中外风景园林史,https://www.icourse163.org/course/TONGJI-1207490802
道路规划与几何设计,https://www.icourse163.org/course/TONGJI-1207484806
管理信息系统,https://www.icourse163.org/course/TONGJI-1207423805
工业废水污染防治,https://www.icourse163.org/course/TONGJI-1207113818
电子技术基础,https://www.icourse163.org/course/TONGJI-1207123821
面向对象程序设计,https://www.icourse163.org/course/TONGJI-1207069801
物理化学实验,https://www.icourse163.org/course/TJU-1470426172
实验室安全技术,https://www.icourse163.org/course/TJU-1470433177
化工生产虚拟仿真实习,https://www.icourse163.org/course/TJU-1464162162
固体废物处理与污染控制,https://www.icourse163.org/course/TJU-1461788181
分析化学实验（下）,https://www.icourse163.org/course/TJU-1460744165
分析化学实验（上）,https://www.icourse163.org/course/TJU-1460750163
分析化学,https://www.icourse163.org/course/TJU-1460752163
教育统计学,https://www.icourse163.org/course/TJU-1452134192
创新思维与创业实践,https://www.icourse163.org/course/TJU-1449785174
无机化学实验（下）,https://www.icourse163.org/course/TJU-1206703829
无机化学实验（上）,https://www.icourse163.org/course/TJU-1205725805
神经工程学,https://www.icourse163.org/course/TJU-1206431802
建筑遗产测绘实习,https://www.icourse163.org/course/TJU-1206313823
民法学,https://www.icourse163.org/course/TJU-1206144806
有机化学（下）,https://www.icourse163.org/course/TJU-1003116003
创业管理：创业者的十八般武艺,https://www.icourse163.org/course/TJU-1003545122
有机化学（上）,https://www.icourse163.org/course/TJU-1002875001
电磁学,https://www.icourse163.org/course/TJU-1205728804
信号分析与处理,https://www.icourse163.org/course/TJU-1003632006
大气污染控制,https://www.icourse163.org/course/TJU-1003543123
微积分II（全英）,https://www.icourse163.org/course/SCUT-1465841170
商务英语案例分析,https://www.icourse163.org/course/SCUT-1463141174
食品生物化学,https://www.icourse163.org/course/SCUT-1454670165
中国文学与文化,https://www.icourse163.org/course/SCUT-1449780171
混凝土结构理论,https://www.icourse163.org/course/SCUT-1449787166
大学公共体育,https://www.icourse163.org/course/SCUT-1449799168
韩语日常会话入门,https://www.icourse163.org/course/SCUT-1449591162
液晶显示技术,https://www.icourse163.org/course/SCUT-1449321163
材料力学,https://www.icourse163.org/course/SCUT-1207542808
1+1塑形健身舞蹈,https://www.icourse163.org/course/SCUT-1207465802
思想道德与法治,https://www.icourse163.org/course/SCUT-1207396801
趣读财务报表,https://www.icourse163.org/course/SCUT-1207167804
庄子寓言及其智慧,https://www.icourse163.org/course/SCUT-1206577808
机械设计,https://www.icourse163.org/course/SCUT-1206577807
酒店管理原理,https://www.icourse163.org/course/SCUT-1002916012
离散数学,https://www.icourse163.org/course/SCUT-1206350803
数学实验,https://www.icourse163.org/course/SCUT-1206300815
思维与逻辑学,https://www.icourse163.org/course/SCUT-1206145804
配送中心设计与管理,https://www.icourse163.org/course/SCUT-1206149802
大学美育,https://www.icourse163.org/course/SCUT-1002761026
教育心理学,https://www.icourse163.org/course/BNU-1470417183
创意写作的理论与实践,https://www.icourse163.org/course/BNU-1470429177
十三经导读,https://www.icourse163.org/course/BNU-1470430178
流域水环境学,https://www.icourse163.org/course/BNU-1466093201
认知神经科学常用技术及原理,https://www.icourse163.org/course/BNU-1466044163
废水生物处理工程实验,https://www.icourse163.org/course/BNU-1466052161
SPSS数据分析及量化研究,https://www.icourse163.org/course/BNU-1466045164
行为生态学,https://www.icourse163.org/course/BNU-1464041179
哲学入门,https://www.icourse163.org/course/BNU-1464030178
自然资源与环境经济学,https://www.icourse163.org/course/BNU-1464037175
研究设计与数据分析,https://www.icourse163.org/course/BNU-1464024177
中国史学史,https://www.icourse163.org/course/BNU-1464025177
影像史学基础,https://www.icourse163.org/course/BNU-1463231173
小分子与大健康,https://www.icourse163.org/course/BNU-1463107162
发育生物学实验,https://www.icourse163.org/course/BNU-1463106162
运动与健康促进 （研究生）,https://www.icourse163.org/course/BNU-1462100164
常微分方程,https://www.icourse163.org/course/BNU-1461790174
地理信息系统工程,https://www.icourse163.org/course/BNU-1461813175
女子形体,https://www.icourse163.org/course/BNU-1461596170
金融与投资分析,https://www.icourse163.org/course/BNU-1461538166
计算机在材料科学应用,https://www.icourse163.org/course/NEU-1466001174
固体物理,https://www.icourse163.org/course/NEU-1466013178
半导体物理,https://www.icourse163.org/course/NEU-1466006179
计算机视觉,https://www.icourse163.org/course/NEU-1465996192
基础工业工程,https://www.icourse163.org/course/NEU-1465996191
金属矿床地下开采,https://www.icourse163.org/course/NEU-1466018173
混凝土结构设计原理,https://www.icourse163.org/course/NEU-1464046183
电动汽车概论,https://www.icourse163.org/course/NEU-1464030186
材料成型机械设备,https://www.icourse163.org/course/NEU-1464049176
过程控制系统,https://www.icourse163.org/course/NEU-1464053177
遥感原理与应用,https://www.icourse163.org/course/NEU-1463121161
机器学习与模式识别,https://www.icourse163.org/course/NEU-1462101162
质量管理与可靠性,https://www.icourse163.org/course/NEU-1461794176
篮球团队合作与实战应用教程,https://www.icourse163.org/course/NEU-1461793181
算法设计与分析,https://www.icourse163.org/course/NEU-1461808173
泵与风机,https://www.icourse163.org/course/NEU-1461789169
数据科学基础（Matlab）,https://www.icourse163.org/course/NEU-1461807175
电子元器件应用,https://www.icourse163.org/course/NEU-1461535164
金属凝固,https://www.icourse163.org/course/NEU-1460549162
应用岩石力学,https://www.icourse163.org/course/NEU-1456829163
流体输配管网,https://www.icourse163.org/course/DUT-1470423176
国际工程管理概论,https://www.icourse163.org/course/DUT-1464119162
建筑结构抗震,https://www.icourse163.org/course/DUT-1464020185
生物工程综合实验,https://www.icourse163.org/course/DUT-1463199175
无损检测新技术,https://www.icourse163.org/course/DUT-1463118161
人工智能基础,https://www.icourse163.org/course/DUT-1463110162
化工原理实验,https://www.icourse163.org/course/DUT-1463099162
道路工程施工,https://www.icourse163.org/course/DUT-1461783177
理论力学（英文）,https://www.icourse163.org/course/DUT-1461784182
仪器分析实验,https://www.icourse163.org/course/DUT-1461782179
有机化学实验（下）,https://www.icourse163.org/course/DUT-1460820161
有机化学实验（上）,https://www.icourse163.org/course/DUT-1460819161
优化方法,https://www.icourse163.org/course/DUT-1460813162
无机化学实验（英文）,https://www.icourse163.org/course/DUT-1460807163
化学实验室安全基础,https://www.icourse163.org/course/DUT-1460817161
城市管理学,https://www.icourse163.org/course/DUT-1460669162
物理化学实验,https://www.icourse163.org/course/DUT-1457864177
组织行为学,https://www.icourse163.org/course/DUT-1455364162
3D工程制图实践―Autodesk Inventor,https://www.icourse163.org/course/DUT-1450311311
面向对象方法与C++程序设计,https://www.icourse163.org/course/DUT-1449927199
随机过程,https://www.icourse163.org/course/ECNU-1466011171
生态环境与人类发展,https://www.icourse163.org/course/ECNU-1466016175
热学,https://www.icourse163.org/course/ECNU-1465998175
美的设计,https://www.icourse163.org/course/ECNU-1466002174
海洋与生命,https://www.icourse163.org/course/ECNU-1466015174
体育英语II,https://www.icourse163.org/course/ECNU-1466001168
运动技能学习与控制,https://www.icourse163.org/course/ECNU-1461187163
特殊学校语文教材教法,https://www.icourse163.org/course/ECNU-1461168179
儿童语言康复学,https://www.icourse163.org/course/ECNU-1461167174
世界地理,https://www.icourse163.org/course/ECNU-1461170170
音乐聆听,https://www.icourse163.org/course/ECNU-1460927175
新闻法规与伦理,https://www.icourse163.org/course/ECNU-1460905171
心理学与生活,https://www.icourse163.org/course/ECNU-1460925166
微生物星球,https://www.icourse163.org/course/ECNU-1460898174
体育游戏与基本体操,https://www.icourse163.org/course/ECNU-1460928168
体育英语I,https://www.icourse163.org/course/ECNU-1460918171
体育概论,https://www.icourse163.org/course/ECNU-1460897174
江南史（下）,https://www.icourse163.org/course/ECNU-1460920171
江南史（上）,https://www.icourse163.org/course/ECNU-1460901172
儿童舞蹈教育,https://www.icourse163.org/course/ECNU-1460922168
人权法学,https://www.icourse163.org/course/JLU-1464102162
走进计算机,https://www.icourse163.org/course/JLU-1449787167
模拟电子电路,https://www.icourse163.org/course/JLU-1449800166
机械精度设计基础,https://www.icourse163.org/course/JLU-1207188805
综合日语实践――基础日语1,https://www.icourse163.org/course/JLU-1205723807
控制工程基础,https://www.icourse163.org/course/JLU-1205800824
国际学术交流英语,https://www.icourse163.org/course/JLU-1205812821
材料学概论,https://www.icourse163.org/course/JLU-1205797819
中国文化的日本之旅,https://www.icourse163.org/course/JLU-1205723806
英文电影中的西方文化,https://www.icourse163.org/course/JLU-1205714807
网络环境下的政府形态,https://www.icourse163.org/course/JLU-1205703805
International Relation and International Law,https://www.icourse163.org/course/JLU-1003606001
国际法,https://www.icourse163.org/course/JLU-1003782003
国学通论（二）,https://www.icourse163.org/course/JLU-1003541124
国学通论（一）,https://www.icourse163.org/course/JLU-1003545120
无机元素化学,https://www.icourse163.org/course/JLU-1002538004
国际金融,https://www.icourse163.org/course/JLU-1002542001
无机化学原理,https://www.icourse163.org/course/JLU-1002478003
工程图学（一）,https://www.icourse163.org/course/JLU-1002256021
私法英语表达,https://www.icourse163.org/course/JLU-1002082006
现代通信系统,https://www.icourse163.org/course/CQU-1464121170
大学物理-热学、波动与光学、近代物理,https://www.icourse163.org/course/CQU-1461085178
电工电子学（上）,https://www.icourse163.org/course/CQU-1456127164
建筑构造（2）,https://www.icourse163.org/course/CQU-1450288419
建筑构造（1）,https://www.icourse163.org/course/CQU-1450330384
主题英语阅读,https://www.icourse163.org/course/CQU-1450151161
数据库系统,https://www.icourse163.org/course/CQU-1450125165
热工学,https://www.icourse163.org/course/CQU-1450120166
卡通说解数字电子技术,https://www.icourse163.org/course/CQU-1002532002
《世说新语》导读,https://www.icourse163.org/course/CQU-1449627163
新闻评论,https://www.icourse163.org/course/CQU-1449259163
学术素养,https://www.icourse163.org/course/CQU-1207434807
生活与生态,https://www.icourse163.org/course/CQU-1207427809
机械设计,https://www.icourse163.org/course/CQU-1207432815
大学物理-力学、电磁学,https://www.icourse163.org/course/CQU-1207431816
电工电子学（下）,https://www.icourse163.org/course/CQU-1206029812
机械基础实验,https://www.icourse163.org/course/CQU-1206018808
工程经济学,https://www.icourse163.org/course/CQU-1206024817
大学化学实验,https://www.icourse163.org/course/CQU-1206024816
学术论文文献阅读与机助汉英翻译,https://www.icourse163.org/course/CQU-1205885808
飞机飞行控制（英）,https://www.icourse163.org/course/NWPU-1470418190
数值分析,https://www.icourse163.org/course/NWPU-1470408184
蛋白质与酶工程,https://www.icourse163.org/course/NWPU-1466004187
电工学实验,https://www.icourse163.org/course/NWPU-1465997175
高等数学（上）,https://www.icourse163.org/course/NWPU-1466008179
大学德语2,https://www.icourse163.org/course/NWPU-1465994176
神奇的细胞微观世界――细胞生物学,https://www.icourse163.org/course/NWPU-1464128168
航空发动机故障诊断,https://www.icourse163.org/course/NWPU-1463227177
微分几何,https://www.icourse163.org/course/NWPU-1463191166
网络空间安全导论,https://www.icourse163.org/course/NWPU-1463204169
嵌入式系统,https://www.icourse163.org/course/NWPU-1463190166
集成电路工艺技术,https://www.icourse163.org/course/NWPU-1463194164
计算方法,https://www.icourse163.org/course/NWPU-1461175176
大学德语1,https://www.icourse163.org/course/NWPU-1461104175
复变函数与积分变换,https://www.icourse163.org/course/NWPU-1460966164
数字信号处理,https://www.icourse163.org/course/NWPU-1449961188
技术经济学,https://www.icourse163.org/course/NWPU-1002531019
现代信息处理技术,https://www.icourse163.org/course/NWPU-1449293161
无机材料制备基础,https://www.icourse163.org/course/NWPU-1449292161
人人都会-包装设计,https://www.icourse163.org/course/NWPU-1449291161
离散系统建模与仿真应用分析,https://www.icourse163.org/course/NKU-1470423174
离散系统建模与仿真理论基础,https://www.icourse163.org/course/NKU-1464103169
国学概论,https://www.icourse163.org/course/NKU-1460626161
化学概论,https://www.icourse163.org/course/NKU-1206687824
面向对象程序设计,https://www.icourse163.org/course/NKU-1206155803
微生物生理学,https://www.icourse163.org/course/NKU-1205724808
环境化学,https://www.icourse163.org/course/NKU-1205700808
Python编程基础,https://www.icourse163.org/course/NKU-1205696807
中国近现代史纲要,https://www.icourse163.org/course/NKU-1003405010
马克思主义基本原理,https://www.icourse163.org/course/NKU-1003401009
思想道德与法治,https://www.icourse163.org/course/NKU-1003409012
毛泽东思想和中国特色社会主义理论体系概论,https://www.icourse163.org/course/NKU-1003404013
思辨式英文写作,https://www.icourse163.org/course/NKU-1003353002
诸子的智慧,https://www.icourse163.org/course/NKU-1002474002
数学文化十讲CAP,https://www.icourse163.org/course/NKU-1001637008
环境学基础,https://www.icourse163.org/course/NKU-1001822012
数学文化十讲,https://www.icourse163.org/course/NKU-312001
大学语文,https://www.icourse163.org/course/NKU-350004
个案工作,https://www.icourse163.org/course/BIT-1470413177
电路分析基础,https://www.icourse163.org/course/BIT-1470423183
并行编程原理与实践,https://www.icourse163.org/course/BIT-1470418179
半导体物理,https://www.icourse163.org/course/BIT-1470429179
微纳加工技术与材料,https://www.icourse163.org/course/BIT-1470418178
学术英语阅读,https://www.icourse163.org/course/BIT-1470409174
概率统计习题精选与案例分析,https://www.icourse163.org/course/BIT-1470438169
Fuzzy Mathematics:The Basics (模糊数学入门教程),https://www.icourse163.org/course/BIT-1466076195
数学分析习题选讲,https://www.icourse163.org/course/BIT-1466036164
电气测量与信号处理/传感器与检测技术,https://www.icourse163.org/course/BIT-1466035163
有机化学实验,https://www.icourse163.org/course/BIT-1466036163
有机化学（上）,https://www.icourse163.org/course/BIT-1466049161
微分方程,https://www.icourse163.org/course/BIT-1466031164
数理统计,https://www.icourse163.org/course/BIT-1466041162
生物分离分析,https://www.icourse163.org/course/BIT-1466046162
高等代数I,https://www.icourse163.org/course/BIT-1466035162
材料科学发展史――多学科的融合与创新,https://www.icourse163.org/course/BIT-1466045163
数学分析（下）,https://www.icourse163.org/course/BIT-1466045162
数学分析（上）,https://www.icourse163.org/course/BIT-1466025162
初级日语视听说（下）,https://www.icourse163.org/course/BIT-1464931170
数值天气预报,https://www.icourse163.org/course/LZU-1452141183
生物化学实验,https://www.icourse163.org/course/LZU-1449979171
诺贝尔物理学奖漫谈,https://www.icourse163.org/course/LZU-1449978170
分子生物学实验,https://www.icourse163.org/course/LZU-1449958168
走近核科学技术,https://www.icourse163.org/course/LZU-152001
医学生物化学与分子生物学,https://www.icourse163.org/course/LZU-1207123807
Blockly 创意趣味编程,https://www.icourse163.org/course/LZU-1206454835
文科物理,https://www.icourse163.org/course/LZU-1206430802
实验诊断学,https://www.icourse163.org/course/LZU-1206435801
化学工程基础,https://www.icourse163.org/course/LZU-1206426802
儿科学,https://www.icourse163.org/course/LZU-1206429803
动物生理学实验,https://www.icourse163.org/course/LZU-1206432801
电磁场与电磁波,https://www.icourse163.org/course/LZU-1206427804
室内花草栽培技术与装饰布景,https://www.icourse163.org/course/LZU-1002478005
知识论,https://www.icourse163.org/course/XMU-1470469162
流行病学,https://www.icourse163.org/course/XMU-1466079200
管理学原理,https://www.icourse163.org/course/XMU-1466010175
基础化学实验（物理化学部分）,https://www.icourse163.org/course/XMU-1466014174
大数据导论,https://www.icourse163.org/course/XMU-1466002172
卫生统计学,https://www.icourse163.org/course/XMU-1466007179
建筑工程制图,https://www.icourse163.org/course/XMU-1464079162
西方古代建筑艺术史,https://www.icourse163.org/course/XMU-1464079161
气体动力学基础（Fundamentals of Gas Dynamics）,https://www.icourse163.org/course/XMU-1464078161
物理化学实验,https://www.icourse163.org/course/XMU-1464073161
大学物理：电磁学,https://www.icourse163.org/course/XMU-1463331163
大学物理：热学,https://www.icourse163.org/course/XMU-1463324165
化学工艺学,https://www.icourse163.org/course/XMU-1463161168
结构力学（上）,https://www.icourse163.org/course/XMU-1463161167
公共卫生学,https://www.icourse163.org/course/XMU-1463149165
高级财务会计,https://www.icourse163.org/course/XMU-1463161165
电子商务系统分析与设计,https://www.icourse163.org/course/XMU-1463153162
单片机原理与实验,https://www.icourse163.org/course/XMU-1463008164
传播研究方法,https://www.icourse163.org/course/XMU-1462094161
高等代数习题课,https://www.icourse163.org/course/XMU-1462086163
影像设计与传播,https://www.icourse163.org/course/HNU-1471092161
大学英语视听导学,https://www.icourse163.org/course/HNU-1462055167
阅读能力提升：方法与实践,https://www.icourse163.org/course/HNU-1461549164
色彩密码,https://www.icourse163.org/course/HNU-1460821161
土木工程测量,https://www.icourse163.org/course/HNU-1456118162
混凝土及砌体结构房屋设计,https://www.icourse163.org/course/HNU-1455471169
创业基础（社会创业）,https://www.icourse163.org/course/HNU-1450857162
汽车理论,https://www.icourse163.org/course/HNU-1449772171
汽车构造,https://www.icourse163.org/course/HNU-1449793169
汽车电子技术,https://www.icourse163.org/course/HNU-1207429803
公益创业学,https://www.icourse163.org/course/HNU-1207424806
结构力学（下）,https://www.icourse163.org/course/HNU-1207178807
结构力学（上）,https://www.icourse163.org/course/HNU-1002141007
基础工程,https://www.icourse163.org/course/HNU-1207110818
先进制造工程训练,https://www.icourse163.org/course/HNU-1206459828
工程制图,https://www.icourse163.org/course/HNU-1206460825
高等数学(一),https://www.icourse163.org/course/HNU-1206449818
保险学,https://www.icourse163.org/course/HNU-1206352801
生活中的语言与语言学,https://www.icourse163.org/course/HNU-1205929802
商业银行管理学,https://www.icourse163.org/course/HNU-1205932801
生命科学导论,https://www.icourse163.org/course/NUAA-1466289162
数值分析 Numerical Analysis,https://www.icourse163.org/course/NUAA-1465445165
机械振动理论 Mechanical Vibration Theory,https://www.icourse163.org/course/NUAA-1465424169
学术英语演讲,https://www.icourse163.org/course/NUAA-1464864164
造型材料与工艺,https://www.icourse163.org/course/NUAA-1464601189
当代中国概况,https://www.icourse163.org/course/NUAA-1463978161
大学物理（机械振动 机械波 光学 量子力学基础）,https://www.icourse163.org/course/NUAA-1463591163
大学物理（力学 相对论 热学 电磁学）,https://www.icourse163.org/course/NUAA-1463580166
大学英语,https://www.icourse163.org/course/NUAA-1463535171
国际化英语（雅思读写）,https://www.icourse163.org/course/NUAA-1463381167
西方文化思辨,https://www.icourse163.org/course/NUAA-1462897178
材料科学基础（2）,https://www.icourse163.org/course/NUAA-1461589176
工程训练,https://www.icourse163.org/course/NUAA-1454981192
机械原理,https://www.icourse163.org/course/NUAA-1453993185
电工电子技术,https://www.icourse163.org/course/NUAA-1453872164
数字电路与系统设计,https://www.icourse163.org/course/NUAA-1452331163
材料力学研究,https://www.icourse163.org/course/NUAA-1452242168
飞行器空气动力学,https://www.icourse163.org/course/NUAA-1450287179
航空航天材料概论,https://www.icourse163.org/course/NUAA-1205807823
科技英语翻译,https://www.icourse163.org/course/NUAA-1449643163
城乡规划方法,https://www.icourse163.org/course/SWJTU-1466081173
电力系统分析,https://www.icourse163.org/course/SWJTU-1465999174
传播学数据分析方法,https://www.icourse163.org/course/SWJTU-1466020164
电路分析AⅠ,https://www.icourse163.org/course/SWJTU-1463211174
物流系统规划,https://www.icourse163.org/course/SWJTU-1463242173
Python编程与新媒体文本挖掘,https://www.icourse163.org/course/SWJTU-1463205166
复合材料力学,https://www.icourse163.org/course/SWJTU-1463178168
铁路站场及枢纽,https://www.icourse163.org/course/SWJTU-1463181162
新媒体概论,https://www.icourse163.org/course/SWJTU-1463202168
异常心理与危机干预,https://www.icourse163.org/course/SWJTU-1463180166
振动力学,https://www.icourse163.org/course/SWJTU-1463199171
供电系统,https://www.icourse163.org/course/SWJTU-1462289162
疲劳与断裂力学,https://www.icourse163.org/course/SWJTU-1461781186
建筑施工技术,https://www.icourse163.org/course/SWJTU-1461781185
塑性力学,https://www.icourse163.org/course/SWJTU-1461799176
城市设计,https://www.icourse163.org/course/SWJTU-1461813180
城市文明演变与遗产保护,https://www.icourse163.org/course/SWJTU-1461809181
人格与社会心理学,https://www.icourse163.org/course/SWJTU-1461792182
电路分析AⅡ,https://www.icourse163.org/course/SWJTU-1461098171
物流系统仿真,https://www.icourse163.org/course/SWJTU-1461111167
生物化学-代谢与调节,https://www.icourse163.org/course/CAU-1471089163
生物化学-结构与功能,https://www.icourse163.org/course/CAU-1465996170
家畜解剖及组织学,https://www.icourse163.org/course/CAU-1462063167
流体力学,https://www.icourse163.org/course/CAU-1462059166
农业经济学,https://www.icourse163.org/course/CAU-1462060170
食品微生物学,https://www.icourse163.org/course/CAU-1462072164
兽医内科学,https://www.icourse163.org/course/CAU-1462068163
农药学,https://www.icourse163.org/course/CAU-1461538165
农业、环境与人类健康,https://www.icourse163.org/course/CAU-1461535167
动物育种学,https://www.icourse163.org/course/CAU-1461094174
畜牧生物统计与试验设计,https://www.icourse163.org/course/CAU-1458658164
兽医病理解剖学,https://www.icourse163.org/course/CAU-1454578173
兽医寄生虫学,https://www.icourse163.org/course/CAU-1449272162
机械制造工程学,https://www.icourse163.org/course/CAU-1207489804
动物遗传学,https://www.icourse163.org/course/CAU-1207482805
遥感数字影像处理与农业应用,https://www.icourse163.org/course/CAU-1205933806
作物育种学,https://www.icourse163.org/course/CAU-1206899808
普通昆虫学,https://www.icourse163.org/course/CAU-1205799839
信息与计算思维导论,https://www.icourse163.org/course/CAU-1205889816
微观经济学,https://www.icourse163.org/course/CAU-1205896821
智能装备原理与系统设计,https://www.icourse163.org/course/NJTU-1470428173
智能制造创新思维方法,https://www.icourse163.org/course/NJTU-1466046161
电气控制与PLC,https://www.icourse163.org/course/NJTU-1466037161
马克思主义基本原理,https://www.icourse163.org/course/NJTU-1463038161
空间与认知――建筑设计基础,https://www.icourse163.org/course/NJTU-1463037161
车站信号自动控制,https://www.icourse163.org/course/NJTU-1463033161
图像处理与机器学习,https://www.icourse163.org/course/NJTU-1462091162
劳动法理论与实务,https://www.icourse163.org/course/NJTU-1461520166
刑法总论,https://www.icourse163.org/course/NJTU-1461515170
运输商务,https://www.icourse163.org/course/NJTU-1461167172
现代制造技术基础,https://www.icourse163.org/course/NJTU-1461184171
现代控制理论,https://www.icourse163.org/course/NJTU-1461182167
铁路建筑遗产保护与再利用,https://www.icourse163.org/course/NJTU-1461169169
铁路货物运输,https://www.icourse163.org/course/NJTU-1461164170
数学物理方程,https://www.icourse163.org/course/NJTU-1461171171
路基工程,https://www.icourse163.org/course/NJTU-1461179174
控制原理,https://www.icourse163.org/course/NJTU-1461172175
交通运输法概论,https://www.icourse163.org/course/NJTU-1461180168
发电厂电气部分,https://www.icourse163.org/course/NJTU-1461171170
电脑鼠原理与实践,https://www.icourse163.org/course/NJTU-1461159169
薪酬管理,https://www.icourse163.org/course/CUMT-1471182173
通信电子电路,https://www.icourse163.org/course/CUMT-1470993165
有机合成路线设计,https://www.icourse163.org/course/CUMT-1470776171
电路分析实验,https://www.icourse163.org/course/CUMT-1470408164
模拟电子技术实验,https://www.icourse163.org/course/CUMT-1470336164
自动控制原理,https://www.icourse163.org/course/CUMT-1469865180
木工技艺,https://www.icourse163.org/course/CUMT-1469784164
流体机械原理,https://www.icourse163.org/course/CUMT-1469694217
量子力学,https://www.icourse163.org/course/CUMT-1469604184
大学生心理健康教育,https://www.icourse163.org/course/CUMT-1466066208
光学薄膜与制备技术,https://www.icourse163.org/course/CUMT-1466067191
化工原理2,https://www.icourse163.org/course/CUMT-1466086199
数据库原理,https://www.icourse163.org/course/CUMT-1466092173
MATLAB系统仿真（英）,https://www.icourse163.org/course/CUMT-1465473161
电路理论实验,https://www.icourse163.org/course/CUMT-1465372161
概率论与数理统计,https://www.icourse163.org/course/CUMT-1465359162
外国文学下,https://www.icourse163.org/course/CUMT-1465244164
电路分析,https://www.icourse163.org/course/CUMT-1464932185
化工原理1,https://www.icourse163.org/course/CUMT-1464617176
Python程序设计,https://www.icourse163.org/course/CUMT-1464633161
农药毒理学,https://www.icourse163.org/course/NWSUAF-1470429186
宠物疫病与人类健康,https://www.icourse163.org/course/NWSUAF-1470428176
天然产物提取工艺学,https://www.icourse163.org/course/NWSUAF-1465957163
食品试验优化设计,https://www.icourse163.org/course/NWSUAF-1465979163
测树学,https://www.icourse163.org/course/NWSUAF-1465961163
测量学,https://www.icourse163.org/course/NWSUAF-1465980161
园艺植物分子生物学,https://www.icourse163.org/course/NWSUAF-1465959164
食品分子生物学,https://www.icourse163.org/course/NWSUAF-1464118168
概率论与数理统计,https://www.icourse163.org/course/NWSUAF-1464096174
计算机绘图,https://www.icourse163.org/course/NWSUAF-1464108168
食品安全概论,https://www.icourse163.org/course/NWSUAF-1463198164
植物生理学（全英文）,https://www.icourse163.org/course/NWSUAF-1461795170
试验设计与分析,https://www.icourse163.org/course/NWSUAF-1461553166
创新思维与创业,https://www.icourse163.org/course/NWSUAF-1461171177
数字电子技术,https://www.icourse163.org/course/NWSUAF-1460454164
涉农创业实务,https://www.icourse163.org/course/NWSUAF-1460443165
设计简史,https://www.icourse163.org/course/NWSUAF-1460470161
葡萄酒工艺学,https://www.icourse163.org/course/NWSUAF-1460469161
货币银行学,https://www.icourse163.org/course/NWSUAF-1460464165
画法几何与阴影透视,https://www.icourse163.org/course/NWSUAF-1460460162
新时代简明法语1：走向法语世界,https://www.icourse163.org/course/OUC-1464127171
英语电影的艺术与科学,https://www.icourse163.org/course/OUC-1461792175
德汉翻译入门,https://www.icourse163.org/course/OUC-1461817175
德语语言学导论,https://www.icourse163.org/course/OUC-1206619849
做好专业选择题――高中生涯教育,https://www.icourse163.org/course/OUC-1002245010
求职OMG-大学生就业指导与技能开发,https://www.icourse163.org/course/OUC-1001769006
大学生爱国教育十讲,https://www.icourse163.org/course/OUC-1002246012
创行-大学生创新创业实务,https://www.icourse163.org/course/OUC-492005
职熵―大学生职业素养与能力提升,https://www.icourse163.org/course/OUC-1001684002
数据结构,https://www.icourse163.org/course/OUC-70004
营运资金管理,https://www.icourse163.org/course/OUC-1001959006
食品化学,https://www.icourse163.org/course/OUC-1001645002
数学思想与文化,https://www.icourse163.org/course/OUC-1001619004
《道德经》的智慧启示,https://www.icourse163.org/course/OUC-495005
《世说新语》的国学密码解析,https://www.icourse163.org/course/OUC-495006
世界优秀影片赏析,https://www.icourse163.org/course/OUC-495004
电影鉴赏,https://www.icourse163.org/course/OUC-493006
海洋学,https://www.icourse163.org/course/OUC-70003
园艺植物研究法,https://www.icourse163.org/course/HZAU-1470666171
基础有机化学实验,https://www.icourse163.org/course/HZAU-1466005182
园林植物育种学,https://www.icourse163.org/course/HZAU-1466022163
大学基础化学（先修课程）,https://www.icourse163.org/course/HZAU-1466004170
波谱学,https://www.icourse163.org/course/HZAU-1464291163
金属切削原理及刀具,https://www.icourse163.org/course/HZAU-1462073164
葡萄酒文化与鉴赏,https://www.icourse163.org/course/HZAU-1461793182
宏观经济学,https://www.icourse163.org/course/HZAU-1461797168
生态学基础,https://www.icourse163.org/course/HZAU-1461704161
普通测量学,https://www.icourse163.org/course/HZAU-1461541173
农业政策学,https://www.icourse163.org/course/HZAU-1461524172
生物统计与试验设计,https://www.icourse163.org/course/HZAU-1455730162
大学化学,https://www.icourse163.org/course/HZAU-1454776166
美国文学导读,https://www.icourse163.org/course/HZAU-1454780167
C/C++ 程序设计案例实战,https://www.icourse163.org/course/HZAU-1454487178
会计学,https://www.icourse163.org/course/HZAU-1454481169
环境监测,https://www.icourse163.org/course/HZAU-1454467170
数理统计,https://www.icourse163.org/course/HZAU-1207416810
虚拟样机技术,https://www.icourse163.org/course/HZAU-1449913176
创意逐格动画,https://www.icourse163.org/course/HZAU-1002580007
化工安全（下）,https://www.icourse163.org/course/ECUST-1461795162
刑事诉讼法学,https://www.icourse163.org/course/ECUST-1449325163
过程控制工程,https://www.icourse163.org/course/ECUST-1449321162
基因组学,https://www.icourse163.org/course/ECUST-1207438810
化工安全（上）,https://www.icourse163.org/course/ECUST-1207430806
微生物学,https://www.icourse163.org/course/ECUST-1206699811
化工工艺学,https://www.icourse163.org/course/ECUST-1205892824
分离工程,https://www.icourse163.org/course/ECUST-1205899819
行动学习：理论与实践,https://www.icourse163.org/course/ECUST-1205807818
固体废物处置与资源化技术,https://www.icourse163.org/course/ECUST-1205810823
语言文化探索,https://www.icourse163.org/course/ECUST-1205701803
欣赏物理学,https://www.icourse163.org/course/ECUST-1003571006
绿色中国,https://www.icourse163.org/course/ECUST-1003355002
化学工程与工艺专业实验,https://www.icourse163.org/course/ECUST-1002874002
化学反应工程,https://www.icourse163.org/course/ECUST-1002874001
文献检索,https://www.icourse163.org/course/ECUST-1002575003
大学生劳动就业法律问题解读,https://www.icourse163.org/course/ECUST-1002575001
形势与政策,https://www.icourse163.org/course/ECUST-1002030009
仪器分析,https://www.icourse163.org/course/NEAU-1461518169
生物安全,https://www.icourse163.org/course/NEAU-1461116175
农业机械学,https://www.icourse163.org/course/NEAU-1460902171
食用菌,https://www.icourse163.org/course/NEAU-1205981815
社会经济调查方法与实务,https://www.icourse163.org/course/NEAU-1450777199
行政法与行政诉讼法学,https://www.icourse163.org/course/NEAU-1450783199
插花艺术,https://www.icourse163.org/course/NEAU-1205971810
饲用植物分类学,https://www.icourse163.org/course/NEAU-1206205801
乳品工艺学,https://www.icourse163.org/course/NEAU-1205994810
汽车原理与构造,https://www.icourse163.org/course/NEAU-1205992813
组织行为与自我提升,https://www.icourse163.org/course/NEAU-1205960811
中国文化英语,https://www.icourse163.org/course/NEAU-1205968810
农产品市场营销,https://www.icourse163.org/course/NEAU-1205974808
三维机械设计【3D-CAD】,https://www.icourse163.org/course/NEAU-1205911803
普通昆虫学之昆虫脉动,https://www.icourse163.org/course/NEAU-1205910805
分析化学,https://www.icourse163.org/course/NEAU-1205910804
智慧农业技术,https://www.icourse163.org/course/NJAU-1470879187
作物育种学各论,https://www.icourse163.org/course/NJAU-1470556162
工程测量,https://www.icourse163.org/course/NJAU-1468799164
线性代数,https://www.icourse163.org/course/NJAU-1468573161
植物化学保护学实验,https://www.icourse163.org/course/NJAU-1468558172
土壤肥料学通论,https://www.icourse163.org/course/NJAU-1466878161
作物分子育种学 Crop Molecular Breeding,https://www.icourse163.org/course/NJAU-1465434165
风景园林设计初步,https://www.icourse163.org/course/NJAU-1206900802
物理化学与胶体化学,https://www.icourse163.org/course/NJAU-1449955182
猪生产学,https://www.icourse163.org/course/NJAU-1449884173
茶叶品鉴艺术,https://www.icourse163.org/course/NJAU-1001752018
农业政策学,https://www.icourse163.org/course/NJAU-1449641170
果品鉴评与文化,https://www.icourse163.org/course/NJAU-1449639171
工厂化育苗原理与技术,https://www.icourse163.org/course/NJAU-1207127808
兽医微生物学,https://www.icourse163.org/course/NJAU-1206996806
表演基础,https://www.icourse163.org/course/NJAU-1206820801
农业气象学,https://www.icourse163.org/course/NJAU-1206743805
基础生物化学实验,https://www.icourse163.org/course/NJAU-1206703848
食品安全控制,https://www.icourse163.org/course/NJAU-1206706847
无机及分析化学,https://www.icourse163.org/course/NJAU-1206699850
医药研究常用动物操作技术（中英文双语）,https://www.icourse163.org/course/CPU-1468844186
药物发现简史,https://www.icourse163.org/course/CPU-1468789231
制药工程制图,https://www.icourse163.org/course/CPU-1468644166
制药化工原理,https://www.icourse163.org/course/CPU-1468520161
遗传学,https://www.icourse163.org/course/CPU-1466093192
生物制药设备,https://www.icourse163.org/course/CPU-1465867163
基础医学概论,https://www.icourse163.org/course/CPU-1465737162
仪器分析,https://www.icourse163.org/course/CPU-1465429165
Pharmaceutical Analysis,https://www.icourse163.org/course/CPU-1462976165
医药数理统计,https://www.icourse163.org/course/CPU-1461669163
药物质量与安全,https://www.icourse163.org/course/CPU-1461606166
仪器分析,https://www.icourse163.org/course/CPU-1449613162
分析化学（上）,https://www.icourse163.org/course/CPU-1449557162
药物代谢动力学,https://www.icourse163.org/course/CPU-1449278163
新药发现案例剖析,https://www.icourse163.org/course/CPU-1207542810
有机化学,https://www.icourse163.org/course/CPU-1207451801
高等数学,https://www.icourse163.org/course/CPU-1207230808
药事法规,https://www.icourse163.org/course/CPU-1207107811
生物化学与分子生物学,https://www.icourse163.org/course/CPU-1207080801
药用植物学,https://www.icourse163.org/course/CPU-1207007805
材料热力学,https://www.icourse163.org/course/NJUST-1471071161
材料物理化学,https://www.icourse163.org/course/NJUST-1469066162
科技文献检索与论文写作,https://www.icourse163.org/course/NJUST-1468779200
著作权法,https://www.icourse163.org/course/NJUST-1466304166
应用光学,https://www.icourse163.org/course/NJUST-1465849161
光电检测技术,https://www.icourse163.org/course/NJUST-1465839162
行政法学,https://www.icourse163.org/course/NJUST-1464547208
射频与微波电路,https://www.icourse163.org/course/NJUST-1463229171
International Finance(国际金融),https://www.icourse163.org/course/NJUST-1462789169
先进半导体材料,https://www.icourse163.org/course/NJUST-1462293172
模拟电子线路,https://www.icourse163.org/course/NJUST-1462290169
通信系统,https://www.icourse163.org/course/NJUST-1462229161
数学建模与系统仿真,https://www.icourse163.org/course/NJUST-1462094169
国际贸易,https://www.icourse163.org/course/NJUST-1461669164
物理学史,https://www.icourse163.org/course/NJUST-1461389162
大学物理（Ⅱ）,https://www.icourse163.org/course/NJUST-1461077165
兵器美学,https://www.icourse163.org/course/NJUST-1460845165
复合材料原理,https://www.icourse163.org/course/NJUST-1460754161
高等数学,https://www.icourse163.org/course/NJUST-1460447162
大学物理（I）,https://www.icourse163.org/course/NJUST-1459733161
过程装备控制技术及应用,https://www.icourse163.org/course/BUCT-1470407176
化工安全评价,https://www.icourse163.org/course/BUCT-1461181169
过程测控技术,https://www.icourse163.org/course/BUCT-1460908169
物联网原理及应用,https://www.icourse163.org/course/BUCT-1452689178
自然辩证法概论,https://www.icourse163.org/course/BUCT-1450736169
现代煤化工概论,https://www.icourse163.org/course/BUCT-1002597050
管理学,https://www.icourse163.org/course/BUCT-1002598056
大学化学实验,https://www.icourse163.org/course/BUCT-1003367011
C语言学习辅导与习题课,https://www.icourse163.org/course/BUCT-1002990005
模拟电子技术基础,https://www.icourse163.org/course/BUCT-1206353807
思想道德与法治,https://www.icourse163.org/course/BUCT-1206139803
微观经济学,https://www.icourse163.org/course/BUCT-1205909801
结构化学,https://www.icourse163.org/course/BUCT-1205903802
会计学,https://www.icourse163.org/course/BUCT-1205906801
单片机原理及应用,https://www.icourse163.org/course/BUCT-1205804839
物理化学（下）,https://www.icourse163.org/course/BUCT-1003363016
化工过程与控制仿真实习,https://www.icourse163.org/course/BUCT-1003475003
技术经济与企业管理,https://www.icourse163.org/course/BUCT-1003368008
计算化学,https://www.icourse163.org/course/BUCT-1003369011
化工工艺学,https://www.icourse163.org/course/BUCT-1003369009
整合新产品开发设计,https://www.icourse163.org/course/BUPT-1466033163
通信网理论基础,https://www.icourse163.org/course/BUPT-1463114161
电子电路基础,https://www.icourse163.org/course/BUPT-1460899178
C/C++程序设计与编程方法,https://www.icourse163.org/course/BUPT-1460917172
无线物联网基础与应用,https://www.icourse163.org/course/BUPT-1458695162
Theory of Communication Networks,https://www.icourse163.org/course/BUPT-1449937200
中国文化传承与科技创新,https://www.icourse163.org/course/BUPT-1206702821
创新与创业基础,https://www.icourse163.org/course/BUPT-1207179805
MATLAB语言基础,https://www.icourse163.org/course/BUPT-1206860803
理工科英语演讲,https://www.icourse163.org/course/BUPT-1003565005
现代交换原理,https://www.icourse163.org/course/BUPT-1003382007
通信网理论,https://www.icourse163.org/course/BUPT-1206215801
现代通信技术,https://www.icourse163.org/course/BUPT-1003385004
电路分析基础,https://www.icourse163.org/course/BUPT-1003377004
科技创新与创业,https://www.icourse163.org/course/BUPT-1003561005
大学物理―力学篇,https://www.icourse163.org/course/BUPT-1003571002
创新设计思维,https://www.icourse163.org/course/BUPT-1003561003
Linux开发环境及应用,https://www.icourse163.org/course/BUPT-1003557006
C++程序设计（面向对象进阶）,https://www.icourse163.org/course/BUPT-1003564002
软件项目管理,https://www.icourse163.org/course/BUPT-1003557005
植物纤维化学,https://www.icourse163.org/course/BFU-1470418191
森林有害生物控制,https://www.icourse163.org/course/BFU-1463110161
三维设计与表达,https://www.icourse163.org/course/BFU-1463108161
流体力学,https://www.icourse163.org/course/BFU-1462055166
草地灌溉与排水,https://www.icourse163.org/course/BFU-1462055165
3ds max三维设计,https://www.icourse163.org/course/BFU-1461994161
天然产物结构分析技术,https://www.icourse163.org/course/BFU-1461789170
林业生态工程,https://www.icourse163.org/course/BFU-1461590165
家具・设计・生活,https://www.icourse163.org/course/BFU-1461600163
气象学,https://www.icourse163.org/course/BFU-1461588163
草坪学,https://www.icourse163.org/course/BFU-1461522170
林木种苗学,https://www.icourse163.org/course/BFU-1461542172
数字摄影测量学,https://www.icourse163.org/course/BFU-1461545165
工程测试技术,https://www.icourse163.org/course/BFU-1461542171
园林苗圃学,https://www.icourse163.org/course/BFU-1461539167
马克思主义基本原理,https://www.icourse163.org/course/BFU-1460899196
土木工程概论,https://www.icourse163.org/course/BFU-1460902170
动植物检疫,https://www.icourse163.org/course/BFU-1003762010
区域经济学,https://www.icourse163.org/course/BFU-1003766013
有机化学实验,https://www.icourse163.org/course/BFU-1207443807
中药鉴定学,https://www.icourse163.org/course/BUCM-1462115161
药用植物学导论,https://www.icourse163.org/course/BUCM-1462095164
中医诊断学（下）,https://www.icourse163.org/course/BUCM-1206420806
中医入门,https://www.icourse163.org/course/BUCM-1206405809
中医气功学导论,https://www.icourse163.org/course/BUCM-1206406805
中医内科学选讲,https://www.icourse163.org/course/BUCM-1206414807
中医基础理论,https://www.icourse163.org/course/BUCM-1206410812
中医护理学,https://www.icourse163.org/course/BUCM-1206412807
中医儿科学,https://www.icourse163.org/course/BUCM-1206413805
《内经》概论及脏腑理论与运用,https://www.icourse163.org/course/BUCM-1206404805
中药安全用药导论,https://www.icourse163.org/course/BUCM-387003
中医诊断学（上）,https://www.icourse163.org/course/BUCM-388001
针灸学导论,https://www.icourse163.org/course/BUCM-387004
新媒体音乐传播概论,https://www.icourse163.org/course/CUC-1470429187
媒体应用与应对,https://www.icourse163.org/course/CUC-1465996172
政治传播学,https://www.icourse163.org/course/CUC-1464102181
实践中的马克思主义新闻观,https://www.icourse163.org/course/CUC-1464119176
播音主持普通话语音,https://www.icourse163.org/course/CUC-1464106185
国际新闻学导论,https://www.icourse163.org/course/CUC-1464116173
影视导演艺术,https://www.icourse163.org/course/CUC-1463198161
播音主持发声艺术（语言传播的发声艺术）,https://www.icourse163.org/course/CUC-1462063164
播音主持创作基础,https://www.icourse163.org/course/CUC-1462067162
影像叙事语言,https://www.icourse163.org/course/CUC-1461815176
电视新闻导论（双语）,https://www.icourse163.org/course/CUC-1461590163
新闻采访,https://www.icourse163.org/course/CUC-1461541167
新媒体摄影,https://www.icourse163.org/course/CUC-1461115175
动画概论,https://www.icourse163.org/course/CUC-1461120171
创意营造学,https://www.icourse163.org/course/CUC-1461116176
影视导演基础,https://www.icourse163.org/course/CUC-1461097168
影视产业概论,https://www.icourse163.org/course/CUC-1460730162
语言交际概论,https://www.icourse163.org/course/CUC-1454885178
中外服装史,https://www.icourse163.org/course/CUC-1454556171
游戏开发程序设计基础,https://www.icourse163.org/course/CUC-1450328379
经济学原理,https://www.icourse163.org/course/BJGS-1466006168
线性代数,https://www.icourse163.org/course/BJGS-1461049162
传统体育养生理论,https://www.icourse163.org/course/BSU-1470411175
运动生物化学,https://www.icourse163.org/course/BSU-1462108161
健身气功・八段锦,https://www.icourse163.org/course/BSU-1461159170
竞技体育中的生理学原理与应用,https://www.icourse163.org/course/BSU-1460903172
大学生精益创新创业实践,https://www.icourse163.org/course/BSU-1458429164
运动生理学,https://www.icourse163.org/course/BSU-1456661164
体育创新创业教育,https://www.icourse163.org/course/BSU-1452126179
赛事经济与管理,https://www.icourse163.org/course/BSU-1449914201
综合格斗,https://www.icourse163.org/course/BSU-1207426807
软器械与科学健身,https://www.icourse163.org/course/BSU-1207419810
教你打桥牌,https://www.icourse163.org/course/BSU-1207430816
击剑入门,https://www.icourse163.org/course/BSU-1207419808
冬奥会与城市发展,https://www.icourse163.org/course/BSU-1207433808
运动员机能评定与训练监控,https://www.icourse163.org/course/BSU-1207130818
运动生物力学,https://www.icourse163.org/course/BSU-1207124819
乒乓球入门与提高,https://www.icourse163.org/course/BSU-1207113824
智能体育概论,https://www.icourse163.org/course/BSU-1207105818
体育产业价值工程,https://www.icourse163.org/course/BSU-1207105817
科学健身法――缠丝健身功,https://www.icourse163.org/course/BSU-1207123820
24式太极拳,https://www.icourse163.org/course/BSU-1207121812
会计学原理,https://www.icourse163.org/course/BFSU-1001604001
音乐的科学奥秘,https://www.icourse163.org/course/CCM-1466013174
“声琴并茂”――你真的会弹钢琴伴奏吗？,https://www.icourse163.org/course/CCM-1450007185
创造你的音乐生活――大学音乐指南,https://www.icourse163.org/course/CCM-1002599006
强歌声乐课堂,https://www.icourse163.org/course/CCM-1002601006
《红楼梦》艺术导论,https://www.icourse163.org/course/MUC-1463130172
中国少数民族歌曲欣赏与学唱,https://www.icourse163.org/course/MUC-1450105166
中国人类学民族学史,https://www.icourse163.org/course/MUC-1450109168
民族学导论,https://www.icourse163.org/course/MUC-1450109167
民族舞蹈技术技巧,https://www.icourse163.org/course/MUC-1449391163
走进少数民族语言,https://www.icourse163.org/course/MUC-1207547806
跟我学哈萨克语,https://www.icourse163.org/course/MUC-1207538807
中国少数民族服饰艺术,https://www.icourse163.org/course/MUC-1207441807
中国民族文化英语说,https://www.icourse163.org/course/MUC-1207176809
文化人类学入门与导读,https://www.icourse163.org/course/MUC-1207186807
《红楼梦》经典章回评讲,https://www.icourse163.org/course/MUC-1205707807
中国少数民族神话赏析,https://www.icourse163.org/course/MUC-1002586001
唐史四讲,https://www.icourse163.org/course/MUC-1002582002
司法鉴定学,https://www.icourse163.org/course/cupl-1471089162
经济法学,https://www.icourse163.org/course/cupl-1470413186
物权法,https://www.icourse163.org/course/cupl-1464110162
宪法学,https://www.icourse163.org/course/cupl-1464108164
知识论寻绎,https://www.icourse163.org/course/cupl-1464096163
刑事诉讼法学,https://www.icourse163.org/course/cupl-1462063165
证据法学,https://www.icourse163.org/course/cupl-1462060169
中国行政法学总论,https://www.icourse163.org/course/cupl-1462059165
法律语言学导论,https://www.icourse163.org/course/cupl-1003686001
庄子的人生哲学,https://www.icourse163.org/course/cupl-1449573166
法理学,https://www.icourse163.org/course/cupl-1449594161
股权设计与股权激励,https://www.icourse163.org/course/cupl-1449269163
中国法律史（古代部分）,https://www.icourse163.org/course/cupl-1207560806
刑法学分论三十二问,https://www.icourse163.org/course/cupl-1207554804
国际法导论,https://www.icourse163.org/course/cupl-1207554803
民事诉讼法,https://www.icourse163.org/course/cupl-1207067802
刑法学总论专题,https://www.icourse163.org/course/cupl-1206017807
罪犯心理矫治,https://www.icourse163.org/course/cupl-1205777805
高等数学（文科）,https://www.icourse163.org/course/cupl-1003437001
通用学术英语写作,https://www.icourse163.org/course/cupl-1003409003
公共事务应急管理及案例分析,https://www.icourse163.org/course/NCEPU-1470420182
高等电力系统分析,https://www.icourse163.org/course/NCEPU-1466042163
数字电子技术基础,https://www.icourse163.org/course/NCEPU-1462095161
辉煌国球,https://www.icourse163.org/course/NCEPU-1460927193
管理之控制,https://www.icourse163.org/course/NCEPU-1206684802
电力系统自动化,https://www.icourse163.org/course/NCEPU-1205936803
《易经》的政治智慧,https://www.icourse163.org/course/NCEPU-1205842810
相约图书馆,https://www.icourse163.org/course/NCEPU-1003364011
管理沟通,https://www.icourse163.org/course/NCEPU-292001
生活中的纠纷与解决,https://www.icourse163.org/course/NCEPU-1001941003
媒介素养,https://www.icourse163.org/course/NJARTY-1470374171
古典舞身韵――女班徒手部分1,https://www.icourse163.org/course/NJARTY-1466279165
红色文化纪念馆展陈设计,https://www.icourse163.org/course/NJARTY-1465060167
马克思主义基本原理概论,https://www.icourse163.org/course/NJARTY-1463757161
编舞技法（动作分析）,https://www.icourse163.org/course/NJARTY-1463218168
张丹丹的流行声乐课堂,https://www.icourse163.org/course/NJARTY-1452305181
表演课――基础元素训练,https://www.icourse163.org/course/NJARTY-1451396175
数字音频应用艺术,https://www.icourse163.org/course/NJARTY-1450873192
经典电影赏析,https://www.icourse163.org/course/NJARTY-1450301403
形体训练,https://www.icourse163.org/course/NJARTY-1450293301
文化创新产品设计,https://www.icourse163.org/course/NJARTY-1449999175
民族音乐学概论,https://www.icourse163.org/course/NJARTY-1449924195
古琴演奏基础,https://www.icourse163.org/course/NJARTY-1449933168
科技创新与设计,https://www.icourse163.org/course/NJARTY-1449924166
服务设计基础,https://www.icourse163.org/course/NJARTY-1449937172
古代书论选读,https://www.icourse163.org/course/NJARTY-1449900167
中国美术史,https://www.icourse163.org/course/NJARTY-1449907161
数字媒体创意,https://www.icourse163.org/course/NJARTY-1449778169
影像表现,https://www.icourse163.org/course/NJARTY-1449785168
流行音乐史,https://www.icourse163.org/course/NJARTY-1449769167
基因工程原理,https://www.icourse163.org/course/SHU-1464118174
金融系统工程,https://www.icourse163.org/course/SHU-1464102176
档案学导论,https://www.icourse163.org/course/SHU-1461113173
BIM技术与应用,https://www.icourse163.org/course/SHU-1449975172
心理学基础,https://www.icourse163.org/course/SHU-1206390810
材料力学,https://www.icourse163.org/course/SHU-1206395806
开天辟地,https://www.icourse163.org/course/SHU-1003348006
土木工程概论,https://www.icourse163.org/course/SHU-1001970009
商标法专题研究,https://www.icourse163.org/course/HDZF-1466015163
国际私法专题研究,https://www.icourse163.org/course/HDZF-1466006166
宏观调控法学,https://www.icourse163.org/course/HDZF-1463164167
刑法案例研习,https://www.icourse163.org/course/HDZF-1460660165
英汉汉英商务翻译,https://www.icourse163.org/course/HDZF-1450724235
刑法学,https://www.icourse163.org/course/HDZF-1450164188
商法,https://www.icourse163.org/course/HDZF-1450182197
经济法学,https://www.icourse163.org/course/HDZF-1450188187
语言考试设计与开发,https://www.icourse163.org/course/SHISU-1471090161
美国经典美文,https://www.icourse163.org/course/SHISU-1471089161
实用基础日语教程初级（第二外语）,https://www.icourse163.org/course/SHISU-1471085163
朝汉语言对比（完结篇）,https://www.icourse163.org/course/SHISU-1470410181
基础俄语Ⅰ（导论课）,https://www.icourse163.org/course/SHISU-1470426178
英语教学理论与实践,https://www.icourse163.org/course/SHISU-1470435177
中国神话,https://www.icourse163.org/course/SHISU-1470419180
文化翻译说・具象篇,https://www.icourse163.org/course/SHISU-1470409178
意大利语会话（基础篇）,https://www.icourse163.org/course/SHISU-1470421177
俄汉翻译,https://www.icourse163.org/course/SHISU-1470418177
基础瑞典语,https://www.icourse163.org/course/SHISU-1463225167
职场英语写作,https://www.icourse163.org/course/SHISU-1463199165
语言跨学科研究方法,https://www.icourse163.org/course/SHISU-1463187164
英语多文体写作,https://www.icourse163.org/course/SHISU-1463177166
危机管理团队建设,https://www.icourse163.org/course/SHISU-1463185166
生活中的语言学,https://www.icourse163.org/course/SHISU-1463188166
国际新闻与传播概论,https://www.icourse163.org/course/SHISU-1463190164
古代汉语基础,https://www.icourse163.org/course/SHISU-1463196165
高级法语进阶篇,https://www.icourse163.org/course/SHISU-1463199164
朝汉语言对比（进阶篇）,https://www.icourse163.org/course/SHISU-1463185165
学术规范与论文写作,https://www.icourse163.org/course/SHUFE-1466016164
概率论与数理统计,https://www.icourse163.org/course/SHUFE-1461109170
马克思主义基本原理概论,https://www.icourse163.org/course/SHUFE-1449394161
保险学,https://www.icourse163.org/course/SHUFE-1207405808
投资学原理与中国市场实践,https://www.icourse163.org/course/SHUFE-1207395808
金融计量学,https://www.icourse163.org/course/SHUFE-1207415805
《资本论》与经济学思维,https://www.icourse163.org/course/SHUFE-1207064801
社会保障学,https://www.icourse163.org/course/SHUFE-1206644802
数据时代的推断陷阱,https://www.icourse163.org/course/SHUFE-1206527801
风险管理与保险,https://www.icourse163.org/course/SHUFE-1206313821
商业银行经营学,https://www.icourse163.org/course/SHUFE-1206039802
多元统计分析,https://www.icourse163.org/course/SHUFE-1003381022
现代信息机构管理,https://www.icourse163.org/course/SHNU-1471081162
钢琴教学法,https://www.icourse163.org/course/SHNU-1466004172
会展英语 (English for MICE Business),https://www.icourse163.org/course/SHNU-1464122168
小学语文课程标准与教材研究,https://www.icourse163.org/course/SHNU-1206682841
证券投资分析,https://www.icourse163.org/course/SHNU-1207489803
蕴含课程思政理念的物理化学,https://www.icourse163.org/course/SHNU-1207476806
园林文化,https://www.icourse163.org/course/SHNU-1207495802
经济伦理学,https://www.icourse163.org/course/SHNU-1207488804
Python与机器学习初步,https://www.icourse163.org/course/SHNU-1207127817
英语演讲,https://www.icourse163.org/course/SHNU-1207123809
科学教育STEM项目学习,https://www.icourse163.org/course/SHNU-1207106806
新时代的生态与文明,https://www.icourse163.org/course/SHNU-1206899803
商业银行管理,https://www.icourse163.org/course/SHNU-1206908802
行为金融学,https://www.icourse163.org/course/SHNU-1206675851
中外文化比较与思辨,https://www.icourse163.org/course/SHNU-1206352807
中国书法创作实践,https://www.icourse163.org/course/SHNU-1205806840
音乐心理学,https://www.icourse163.org/course/SHNU-1003545121
公共管理学前沿（双语）,https://www.icourse163.org/course/SHNU-1003545126
英汉口译,https://www.icourse163.org/course/SHNU-1003377025
科学教学论,https://www.icourse163.org/course/SHNU-1003382019
